{
  "pixel_accuracy": 0.8471968016037805,
  "miou": 0.600912492803772,
  "per_class_iou": [
    0.7211260537584097,
    0.6794845220011982,
    0.3962501690449711,
    0.20294638920348895,
    0.6222852226951193,
    0.983382600119445
  ],
  "per_class_precision": [
    0.7977502867505899,
    0.7846465411026214,
    0.5527471170301845,
    0.26411591567804943,
    0.8286292533717177,
    0.9971137186139997
  ],
  "per_class_recall": [
    0.8824606383532452,
    0.8352511584170432,
    0.5832561203520049,
    0.46702929403057347,
    0.7142001025366226,
    0.9861898237667127
  ],
  "per_class_f1": [
    0.837970062395493,
    0.8091584205516745,
    0.5675919365756547,
    0.33741551701284545,
    0.7671711652011105,
    0.9916216866724475
  ],
  "mean_precision": 0.7041671387578604,
  "mean_recall": 0.7447311895760337,
  "mean_f1": 0.7184881314015376
}